{"cameraMode":{"drawMode":0,"name":"Shaded","section":"Shading Mode"},"sceneLighting":false,"audioPlay":false,"sceneViewState":{"showFog":false,"showMaterialUpdate":false,"showSkybox":false,"showFlares":false,"showImageEffects":false,"showParticleSystems":false},"in2DMode":false,"pivot":{"x":0.0018500089645385743,"y":1.2510637044906617,"z":1.4447739124298096},"rotation":{"x":0.18215732276439668,"y":-0.45322492718696597,"z":0.09518174827098847,"w":0.8673790097236633},"size":22.612525939941408,"orthographic":false}