{"cameraMode":{"drawMode":0,"name":"Shaded","section":"Shading Mode"},"sceneLighting":false,"audioPlay":false,"sceneViewState":{"showFog":false,"showMaterialUpdate":false,"showSkybox":false,"showFlares":false,"showImageEffects":false,"showParticleSystems":false},"in2DMode":false,"pivot":{"x":-19.42645835876465,"y":-8.360332489013672,"z":2.0963943004608156},"rotation":{"x":-0.24845941364765168,"y":-0.06677720695734024,"z":0.01717239059507847,"w":-0.9661851525306702},"size":69.94678497314453,"orthographic":false}