{"cameraMode":{"drawMode":0,"name":"Shaded","section":"Shading Mode"},"sceneLighting":false,"audioPlay":false,"sceneViewState":{"showFog":false,"showMaterialUpdate":false,"showSkybox":false,"showFlares":false,"showImageEffects":false,"showParticleSystems":false},"in2DMode":false,"pivot":{"x":93.05000305175781,"y":1.3181047439575196,"z":206.19998168945313},"rotation":{"x":-0.6283968687057495,"y":0.003963178489357233,"z":-0.003202031832188368,"w":-0.7778761982917786},"size":302.95660400390627,"orthographic":false}