{"cameraMode":{"drawMode":0,"name":"Shaded","section":"Shading Mode"},"sceneLighting":false,"audioPlay":false,"sceneViewState":{"showFog":false,"showMaterialUpdate":false,"showSkybox":false,"showFlares":false,"showImageEffects":false,"showParticleSystems":false},"in2DMode":false,"pivot":{"x":-10.777585983276368,"y":-9.77402400970459,"z":-5.756134033203125},"rotation":{"x":0.45443183183670046,"y":0.07175742089748383,"z":-0.03675978258252144,"w":0.8871253132820129},"size":331.41729736328127,"orthographic":false}