{"cameraMode":{"drawMode":0,"name":"Shaded","section":"Shading Mode"},"sceneLighting":false,"audioPlay":false,"sceneViewState":{"showFog":false,"showMaterialUpdate":false,"showSkybox":false,"showFlares":false,"showImageEffects":false,"showParticleSystems":false},"in2DMode":false,"pivot":{"x":12.696138381958008,"y":2.7680160999298097,"z":-33.060401916503909},"rotation":{"x":0.17201294004917146,"y":0.07646948099136353,"z":-0.013396220281720162,"w":0.9820308685302734},"size":22.0,"orthographic":false}