{"cameraMode":{"drawMode":0,"name":"Shaded","section":"Shading Mode"},"sceneLighting":false,"audioPlay":false,"sceneViewState":{"showFog":false,"showMaterialUpdate":false,"showSkybox":false,"showFlares":false,"showImageEffects":false,"showParticleSystems":false},"in2DMode":false,"pivot":{"x":-1.3816386461257935,"y":-1.0221590995788575,"z":-7.252404689788818},"rotation":{"x":0.17675384879112245,"y":0.7161172032356262,"z":-0.19588106870651246,"w":0.6461926698684692},"size":35.891326904296878,"orthographic":false}