{"cameraMode":{"drawMode":0,"name":"Shaded","section":"Shading Mode"},"sceneLighting":true,"audioPlay":false,"sceneViewState":{"showFog":false,"showMaterialUpdate":false,"showSkybox":false,"showFlares":false,"showImageEffects":false,"showParticleSystems":false},"in2DMode":false,"pivot":{"x":40.926544189453128,"y":24.73575782775879,"z":16.98978614807129},"rotation":{"x":-0.4758135974407196,"y":-0.003949664533138275,"z":0.002149482723325491,"w":-0.8795346617698669},"size":125.06425476074219,"orthographic":false}