{"cameraMode":{"drawMode":0,"name":"Shaded","section":"Shading Mode"},"sceneLighting":false,"audioPlay":false,"sceneViewState":{"showFog":false,"showMaterialUpdate":false,"showSkybox":false,"showFlares":false,"showImageEffects":false,"showParticleSystems":false},"in2DMode":false,"pivot":{"x":-24.757415771484376,"y":5.266702175140381,"z":13.084113121032715},"rotation":{"x":0.03444666415452957,"y":0.8465191721916199,"z":-0.05518576502799988,"w":0.5283685922622681},"size":12.519262313842774,"orthographic":false}