{"cameraMode":{"drawMode":0,"name":"Shaded","section":"Shading Mode"},"sceneLighting":false,"audioPlay":false,"sceneViewState":{"showFog":false,"showMaterialUpdate":false,"showSkybox":false,"showFlares":false,"showImageEffects":false,"showParticleSystems":false},"in2DMode":false,"pivot":{"x":-23.44577407836914,"y":-92.40510559082031,"z":92.70110321044922},"rotation":{"x":0.38190382719039919,"y":-0.12966004014015199,"z":0.054209571331739429,"w":0.9134544730186462},"size":218.39308166503907,"orthographic":false}