{"cameraMode":{"drawMode":0,"name":"Shaded","section":"Shading Mode"},"sceneLighting":false,"audioPlay":false,"sceneViewState":{"showFog":false,"showMaterialUpdate":false,"showSkybox":false,"showFlares":false,"showImageEffects":false,"showParticleSystems":false},"in2DMode":false,"pivot":{"x":2.964611291885376,"y":-5.380687236785889,"z":-11.395238876342774},"rotation":{"x":0.6984169483184815,"y":0.01502530463039875,"z":-0.014669155701994896,"w":0.7153830528259277},"size":172.5063018798828,"orthographic":false}