{"cameraMode":{"drawMode":0,"name":"Shaded","section":"Shading Mode"},"sceneLighting":false,"audioPlay":false,"sceneViewState":{"showFog":false,"showMaterialUpdate":false,"showSkybox":false,"showFlares":false,"showImageEffects":false,"showParticleSystems":false},"in2DMode":false,"pivot":{"x":-83.952392578125,"y":-43.699703216552737,"z":-54.249027252197269},"rotation":{"x":0.5109407901763916,"y":-0.12187931686639786,"z":0.0734555795788765,"w":0.847755491733551},"size":526.7056884765625,"orthographic":false}