{"cameraMode":{"drawMode":0,"name":"Shaded","section":"Shading Mode"},"sceneLighting":false,"audioPlay":false,"sceneViewState":{"showFog":false,"showMaterialUpdate":false,"showSkybox":false,"showFlares":false,"showImageEffects":false,"showParticleSystems":false},"in2DMode":false,"pivot":{"x":20.33539581298828,"y":7.495445251464844,"z":69.69280242919922},"rotation":{"x":0.12157348543405533,"y":-0.059811607003211978,"z":0.007349422201514244,"w":0.9907514452934265},"size":22.179445266723634,"orthographic":false}